Building_ID,Location,Building_Type,Pre_Automation_Energy_kWh,Post_Automation_Energy_kWh,Peak_Demand_Reduction_MW,HVAC_System_Type,Automation_Efficiency_%,Cost_Savings_$,CO2_Reduction_Metric_Tons
B001,Hamilton,Hospital,283029.5706209031,207601.20410328507,75.42836651761803,Smart Automated,79.38137618203716,9457.379101434237,42.216318621132245
B002,London,Office,191283.29589730225,137898.72335691695,53.3845725403853,Traditional,62.446865292344924,4547.691844726697,23.007656523306185
B003,Mississauga,Hotel,224162.70596922305,185446.67955813004,38.71602641109301,Traditional,69.6235567352459,4114.848659461209,17.49024225735706
B004,London,School,280624.8452943239,236088.3199959431,44.536525298380816,Traditional,53.802152995674554,6068.859501775473,25.403290617726636
B005,London,School,226809.65857834966,160199.5695495868,66.61008902876286,Smart Automated,91.05171359159625,7349.960803375488,32.56615771764669
B006,Ottawa,Office,88134.76072856534,78196.90097276379,9.937859755801547,Smart Automated,86.44097286738602,1488.7188673474548,6.772598937720474
B007,Mississauga,Hospital,194072.09004170328,137867.69815727058,56.204391884432695,Upgraded,68.87403185640441,6695.862450398485,36.28679576661467
B008,Mississauga,Hospital,201678.76159571396,163008.72802896344,38.670033566750526,Traditional,69.20271208810894,3962.9572709361946,26.87838649401173
B009,Mississauga,Hotel,156032.66782559652,131350.18837786352,24.682479447732998,Upgraded,60.42919277442944,2354.9008852686534,11.795787822763954
B010,London,Office,234111.0589061807,204658.44200128337,29.452616904897326,Smart Automated,82.94030082474383,3078.8716433459035,20.349316360086174
B011,Hamilton,School,283591.7536922537,239016.06065900894,44.57569303324478,Upgraded,65.14620414268877,4728.470462563866,23.597041794907934
B012,Mississauga,Hospital,281392.12822669407,242094.48406950914,39.297644157184926,Traditional,53.23342872473924,3332.8315284897335,19.816058649726024
B013,London,Office,162709.84285103303,124943.26749260169,37.76657535843133,Traditional,59.5380021293594,3998.354658397328,15.67708890473737
B014,Ottawa,Hospital,78309.5114601888,67578.36933872859,10.731142121460216,Traditional,64.36662350744008,1207.2180370672727,4.462326292934154
B015,Hamilton,Hospital,296210.29974058364,212093.3783506636,84.11692138992002,Upgraded,54.94680631638167,10984.966939535534,51.109725481189386
B016,Ottawa,School,259724.52161148353,228288.33071310006,31.436190898383472,Smart Automated,92.48445049370352,3960.0504133920613,16.893139345433255
B017,Hamilton,Mall,81165.67030081671,65705.10966299869,15.460560637818023,Traditional,63.332009580932386,2003.8988583725632,7.234869655659715
B018,London,Hotel,280210.4706543431,241950.40801522724,38.260062639115844,Traditional,53.25399487617132,3083.204660604421,22.3511877692145
B019,Toronto,Hotel,267474.09051553207,211428.54771588804,56.045542799644025,Traditional,61.30170624905513,5337.5935531209925,26.66968826644483
B020,Hamilton,School,179709.51428151803,148928.0669982999,30.78144728321812,Smart Automated,77.62978239795963,3888.2477855634206,17.646681331926942
B021,Ottawa,Hospital,197818.8589362323,159299.67600083828,38.51918293539403,Traditional,59.97791329071884,4386.535885650624,19.558601405263587
B022,London,Office,149750.67596753256,126736.67825999775,23.013997707534813,Smart Automated,82.89152151195293,1849.6797187823101,14.891567799597803
B023,Hamilton,Hospital,63690.40970550783,45623.096193811776,18.067313511696053,Upgraded,50.18076938158585,2462.839065566373,11.675257855004036
B024,Toronto,School,133799.31041147525,95274.53073199924,38.524779679476005,Upgraded,57.140586879400246,5166.044672522088,20.926857547063104
B025,Toronto,Hotel,250713.36214950285,187889.77002399182,62.82359212551103,Traditional,68.52388136863564,7437.643696721403,31.741351840613838
B026,Mississauga,Hospital,51158.00575115072,37443.0015583647,13.715004192786022,Traditional,54.573535592072176,1161.008470841047,6.977754416097498
B027,Mississauga,Hotel,133374.79292278603,116617.14557949477,16.75764734329126,Upgraded,62.687273777433745,2239.761009300775,10.753622901471063
B028,Ottawa,Office,149542.1733977358,111235.86860015622,38.30630479757959,Smart Automated,81.18745435725565,4629.698126235211,19.093924907939044
B029,Hamilton,Hotel,184348.90073448073,165024.16794918245,19.324732785298284,Upgraded,56.43339979319097,2603.7603553401486,8.941898074063298
B030,Hamilton,Hotel,279963.9041031901,214838.46510026796,65.12543900292215,Upgraded,66.96084179202968,8637.084823157156,27.704785234086536
B031,Mississauga,Mall,136586.49859149032,100585.51870098316,36.00097989050717,Traditional,64.57722884539893,4903.698692361851,19.440814854202152
B032,Hamilton,Mall,136738.30047405692,117313.21668255235,19.42508379150457,Smart Automated,75.03130210382946,2258.371209941323,10.579670442629398
B033,Hamilton,Mall,234375.3120274371,194939.68650278932,39.43562552464777,Smart Automated,87.72802740366814,3542.2150025702467,25.722778511018166
B034,Toronto,Hotel,163054.4852224518,130384.74887297569,32.66973634947611,Traditional,50.58339527290529,4148.436547258736,15.23623750474885
B035,Mississauga,School,106151.20573499548,86096.34612515647,20.05485960983901,Smart Automated,80.15214440667444,2475.4347943433095,10.314161795733659
B036,London,Hotel,163109.87903317335,137638.6983341078,25.47118069906556,Upgraded,63.248680234021364,3361.119009817615,16.365786875683067
B037,Mississauga,School,85214.25509494997,63543.498687556195,21.670756407393775,Upgraded,52.37005247196303,1991.3620056172952,14.022866554933245
B038,London,School,94096.74662655583,84618.07864951616,9.478667977039674,Smart Automated,88.73179826985213,887.6608010159985,4.885147397664286
B039,Toronto,Mall,174591.94318486995,156252.56670591512,18.33937647895483,Smart Automated,77.2897527613181,2610.218993287464,9.861765085657991
B040,Ottawa,Hospital,154731.362376137,128437.10955062747,26.294252825509524,Upgraded,68.39062049312099,3483.947635262006,12.910103897924088
B041,Hamilton,Office,278711.475267025,206220.98686228952,72.49048840473549,Traditional,69.86510030845928,10407.893943407524,49.276602942144585
B042,Toronto,Mall,140598.47477915828,117546.74302292021,23.051731756238063,Upgraded,50.89822597991232,3068.417684896355,10.041175981222683
B043,Hamilton,Mall,195147.08756951086,139420.82314654533,55.72626442296553,Smart Automated,77.42050000970386,6787.507567660714,37.90081594447763
B044,Ottawa,Hospital,208066.0719798826,146921.79953198117,61.14427244790143,Traditional,57.434481328046864,7691.2947161267775,37.00206397386054
B045,Ottawa,Office,53273.61414708341,40037.06965792885,13.236544489154562,Upgraded,57.8491637245896,1882.7522516570752,7.405471330131898
B046,Toronto,Hotel,215884.34300417764,171093.65071778782,44.79069228638982,Upgraded,65.08529946694046,5398.016249335166,18.355123497144188
B047,Ottawa,Hotel,94508.99171743786,82568.20600663044,11.940785710807424,Upgraded,68.36852864290817,1483.8503071071234,6.480011947749769
B048,London,Mall,290267.5793673638,245402.02669153144,44.86555267583238,Upgraded,69.01857189005096,4080.673218174647,23.43437429537423
B049,Ottawa,Office,87165.68193827824,73963.6814368753,13.202000501402944,Smart Automated,93.8345142323785,1494.1296131041154,5.919323451520524
B050,Hamilton,Mall,153656.03093175593,120635.14504407103,33.0208858876849,Traditional,57.142423186010056,4297.59558091127,19.710922338906663
B051,Hamilton,School,71337.41701966096,54871.81367876587,16.46560334089509,Traditional,65.75098171717559,1629.5347171728426,11.383417023820998
B052,Hamilton,Mall,299218.56296148687,231657.3311656929,67.56123179579396,Traditional,55.020027665246005,6361.4164537095685,38.41914329151724
B053,Hamilton,Mall,175548.75258281064,157560.2565885319,17.988495994278754,Smart Automated,86.87321582417077,1834.2487393272534,11.052599332774362
B054,London,Hotel,198846.25433001094,140787.49052632315,58.05876380368779,Upgraded,57.17156923049746,5626.187058630497,24.415750118810887
B055,Mississauga,Hotel,66769.11934710687,58316.56943143489,8.452549915671982,Traditional,63.132621474157524,803.3631786978767,4.440125305350365
B056,Toronto,Hotel,237490.11759979444,193729.02048664945,43.76109711314499,Smart Automated,93.26573895152474,4802.323498586229,19.03203133602458
B057,Hamilton,School,102476.39827389644,80723.02446891641,21.75337380498003,Smart Automated,87.25146936689639,3122.6684426930274,12.700462584960245
B058,Ottawa,Hotel,274513.57236017846,231978.11490055377,42.53545745962468,Smart Automated,92.4739718693269,4912.597579104269,28.989813359050352
B059,Hamilton,Office,101284.9101205018,80757.8810824794,20.527029038022388,Smart Automated,89.47946110932187,1912.1836210100564,12.286110834557537
B060,Ottawa,Hospital,97671.93016591665,85432.13781918181,12.239792346734845,Traditional,60.11915815469863,1045.1315952250275,5.177932947583367
B061,Ottawa,Office,59137.41696202372,52049.22821151776,7.088188750505964,Smart Automated,93.04906614571684,912.4691309998337,3.589457801510358
B062,Hamilton,Office,168016.73627749982,131782.9501448899,36.23378613260991,Upgraded,50.778599266513346,3869.6202899778705,20.479300189559975
B063,London,Hotel,191210.28331565412,144433.6626287504,46.77662068690371,Smart Automated,85.67934945095527,6433.102866955062,24.3688571547603
B064,Ottawa,Hospital,66427.15985708809,54368.64189373565,12.058517963352438,Smart Automated,77.84274247586916,1521.372008615732,7.8391605679477845
B065,Ottawa,Hospital,243881.90417375264,215219.1149270937,28.66278924665894,Smart Automated,75.23413221461809,3890.598201775203,18.47033869267347
B066,Hamilton,Hospital,163322.2086870069,121206.70887995386,42.11549980705304,Upgraded,55.64957487954053,4170.9600205102,24.576470685553105
B067,Ottawa,School,181097.567331895,149331.84369480817,31.765723637086833,Traditional,69.00918341150592,4080.7876441667913,16.26523801738269
B068,Ottawa,Hotel,160190.68673455704,132367.4937883597,27.82319294619735,Upgraded,61.63244585978387,2740.1487641880285,13.26055913649807
B069,Hamilton,Hospital,150190.76521883148,127154.89681887033,23.035868399961153,Smart Automated,86.54399773469102,3357.12752577869,9.946019418372439
B070,Hamilton,School,189910.08282705446,137934.26397491444,51.975818852140016,Smart Automated,75.87478144617894,6473.390714710961,26.32415685323838
B071,Toronto,Mall,88810.06148267812,74881.53486272512,13.928526619953,Traditional,60.33396770452536,1430.6801169024186,7.2978759693494135
B072,London,Mall,95482.03262381778,84196.67739553406,11.285355228283718,Traditional,65.17552507514651,1115.7360155570182,6.8022126256786635
B073,London,School,265446.4052533793,195351.730744237,70.09467450914232,Traditional,55.64992131945704,6544.37953923311,41.877919401396746
B074,Ottawa,School,286528.8655334082,214182.8097544802,72.34605577892799,Smart Automated,89.58346975098897,9305.501811405993,30.460036525884167
B075,London,Hotel,143327.32906993822,128174.6232090827,15.152705860855523,Smart Automated,88.04583297183879,1444.205803433843,7.857856787989643
B076,Ottawa,Hotel,117686.16828588845,86640.01462260916,31.046153663279284,Traditional,68.9291302630081,3777.423659978921,14.111521858621833
B077,Toronto,Mall,210999.88580975393,183754.9514945352,27.244934315218735,Upgraded,67.85116454972949,2684.292220043624,12.17967928293193
B078,Hamilton,Hospital,152183.5427745241,121511.79758690899,30.671745187615116,Smart Automated,83.59862154780296,3875.001610787449,19.881138294018154
B079,Hamilton,Mall,56346.58891508621,42228.737783846525,14.117851131239687,Smart Automated,88.45933244788864,1934.79193429195,5.824666289416007
B080,Hamilton,Hospital,89038.1493415476,77832.69648881126,11.205452852736343,Upgraded,59.526714666021974,1506.7049908396373,5.891321326873233
B081,London,Hospital,228993.05721184937,180689.5023954071,48.30355481644228,Upgraded,59.95079704292205,6436.912063269849,21.758872278570113
B082,Toronto,Hotel,214730.98547753785,172421.13738432864,42.309848093209204,Upgraded,54.09360218114568,3940.763300253905,28.08523759202122
B083,London,Office,56773.99812587087,43820.82161632012,12.953176509550751,Traditional,61.82260606517033,1116.394728099503,7.345903831246985
B084,London,Office,105493.04048323736,86355.56597326513,19.137474509972236,Upgraded,53.72271795506696,2467.3260380244396,8.983402113217819
B085,Toronto,School,107768.69914701785,78962.64040850662,28.80605873851123,Upgraded,56.63129398134387,3047.228902451791,15.864308479188137
B086,Toronto,Hotel,217973.1858996821,169630.28782788297,48.342898071799134,Smart Automated,92.15124675322568,5330.492714576011,29.94581038713139
B087,Toronto,Hospital,54927.63443859104,49098.849239313386,5.828785199277656,Upgraded,54.1415161842171,479.01211191536555,4.006913300576354
B088,Toronto,Office,76027.14549614346,57144.03145637794,18.883114039765527,Smart Automated,83.61970441026592,1853.7619417401136,8.802057727239275
B089,Hamilton,Hospital,249979.02134329735,207819.39267676687,42.15962866653048,Traditional,51.380151852256326,3472.155221074444,28.072179799818528
B090,Mississauga,Office,94636.1655135834,72400.2640077766,22.235901505806805,Upgraded,68.81569041006216,3147.3362976053045,15.126888880052238
B091,Mississauga,Office,213186.52696296867,182209.37874694171,30.97714821602695,Traditional,60.1384087592367,3005.953316476641,20.90728779726536
B092,Toronto,Office,109545.69526168163,79549.31591414375,29.99637934753788,Traditional,58.18824143634036,3569.9771492126797,17.716590766405645
B093,Mississauga,Hotel,74860.3481898363,66922.47195616756,7.937876233668736,Smart Automated,89.11171725287649,656.6890103091367,4.674982014760782
B094,Mississauga,Mall,110793.04774986353,87610.47869028572,23.182569059577816,Smart Automated,88.76810036984274,2936.752023846216,12.077265128633146
B095,Toronto,Hospital,230566.73296391478,172281.78990442283,58.28494305949195,Traditional,56.643820662312095,5980.729576534889,36.47001754224436
B096,Mississauga,Hotel,263924.1170265714,188626.3947472797,75.29772227929172,Upgraded,63.87236114947591,10756.606652158338,42.1206577444479
B097,London,Hotel,257554.9661417479,189032.87459864665,68.52209154310124,Smart Automated,83.61058676924415,9741.667432474289,41.334678676686636
B098,Ottawa,Hotel,149295.88240461372,120027.13974334979,29.268742661263925,Traditional,63.09301373731909,3007.9587308278524,15.469624303186057
B099,Ottawa,Hotel,217021.28414266155,166542.27132171782,50.47901282094372,Upgraded,53.031901496001986,7221.894188006463,31.26917094445007
B100,Toronto,Hotel,101246.07385395524,87656.48899346181,13.58958486049343,Smart Automated,81.91754921475714,2034.7826355305094,8.797101640261419
B101,Hamilton,School,123286.93256525332,96925.41301025773,26.36151955499558,Upgraded,60.78189105472018,3632.0663463558653,11.70269249459688
B102,Toronto,Hospital,274083.9546302799,205492.48652195814,68.59146810832178,Traditional,55.649448527400075,9543.885076028875,44.57614885001367
B103,Hamilton,Hotel,53250.48087768401,43847.990075962094,9.402490801721914,Upgraded,58.50456370875388,916.0904286947413,5.28503627179695
B104,Ottawa,Hospital,71377.13271361701,60053.53914125058,11.323593572366438,Smart Automated,87.73804634909487,1363.0115361704945,7.398833466637909
B105,Toronto,School,101971.56378650683,74786.79956386308,27.184764222643746,Upgraded,52.557336024448354,2302.7646692761914,14.391356247768824
B106,London,School,56633.05096845493,41541.693201788206,15.091357766666727,Traditional,65.31093501031722,1307.5794593468163,7.752613778556607
B107,Mississauga,Hospital,95358.85877244933,67450.59022510251,27.908268547346815,Smart Automated,83.19257789790464,4184.076912448751,18.824635617005487
B108,Hamilton,Office,195760.39024242305,165863.94233860745,29.8964479038156,Traditional,58.33131656964584,3075.29056357147,14.21129983821633
B109,Mississauga,Mall,155356.13764812448,129374.51786661941,25.98161978150507,Smart Automated,88.54241279470018,3439.2616775848564,16.97284900773548
B110,Mississauga,Office,273167.9277692437,217148.33599524622,56.0195917739975,Traditional,51.09268840001945,7644.800629743661,30.542227174257015
B111,Toronto,Office,254360.89043461022,220997.41271990509,33.363477714705134,Smart Automated,82.2918745639508,4672.9430368427775,18.490994638119183
B112,Mississauga,Office,135454.33792446897,116644.33997779929,18.809997946669682,Upgraded,54.52250662499344,2818.376871530764,9.26468550109685
B113,London,Hotel,114855.85835782312,93845.37644373358,21.010481914089542,Upgraded,56.083974392725615,2036.0155806335563,12.016160603270585
B114,Mississauga,School,144923.10204181675,126612.68490643208,18.31041713538466,Traditional,56.07885024510055,1516.5522038398879,9.11059265242833
B115,Toronto,Office,197573.73562870192,146435.37830275064,51.138357325951276,Upgraded,54.608333242347,5563.004700438624,21.05779493162164
B116,London,School,117015.91020571906,84530.4123707439,32.48549783497516,Smart Automated,77.81105935156721,2894.641299065039,15.645002165499168
B117,Ottawa,Hospital,206037.22696228352,155341.7512598212,50.69547570246231,Smart Automated,84.71179399318795,4135.22043453546,20.375206872992056
B118,Mississauga,Mall,152352.91304781009,108386.50889785671,43.96640414995338,Upgraded,69.3369099959857,4626.579340397428,30.49098425091635
B119,Toronto,Hospital,188011.79521299506,151581.48395347918,36.430311259515875,Upgraded,54.4858696657009,4913.052891047432,25.126865939329065
B120,Ottawa,Hospital,159031.63228382915,141112.12900907913,17.919503274750024,Smart Automated,94.28034814235404,2143.757634515554,9.292097304026946
B121,Ottawa,Hotel,123616.43988547941,87504.20960582173,36.11223027965769,Smart Automated,82.684134259716,3679.6361764666963,22.335820918134363
B122,Hamilton,Mall,287113.32674053917,207991.2054462614,79.12212129427778,Upgraded,66.9685075818105,9953.87463039974,39.85712213653029
B123,London,Hospital,240901.4485399402,190418.09416632474,50.48335437361547,Upgraded,58.452583940272184,4858.582271124815,30.357051849510107
B124,Mississauga,Hospital,85028.29394161314,75400.96565814757,9.62732828346557,Upgraded,56.05861811280859,779.8781058541299,6.177173143517061
B125,Toronto,Mall,267116.9939744782,203872.0294597486,63.244964514729624,Upgraded,56.50590268046062,8443.502357310339,43.261255335789684
B126,Hamilton,Mall,171857.7995623784,137734.91131019112,34.12288825218729,Traditional,64.25242666197026,4219.705150977224,17.746074930666488
B127,London,Hospital,273638.05672352284,193821.82297906402,79.81623374445881,Upgraded,66.33558933011273,10644.387411839518,50.68246196753844
B128,Hamilton,Mall,249963.8139868288,182390.75624907983,67.57305773774898,Upgraded,53.632279355132056,5590.025878507953,32.42010265970188
B129,London,Hospital,156303.37611730836,140255.0871216164,16.048288995691955,Smart Automated,80.7848954394531,2224.266759452824,11.187257302191743
B130,London,Hospital,55617.32708002935,49667.59339816756,5.949733681861784,Traditional,68.03880393498301,733.9998074895711,2.4258901476656107
B131,Mississauga,Hotel,117169.33984623651,82134.3007533531,35.03503909288341,Upgraded,66.13387039389478,4184.5035970183,20.357412235987777
B132,London,Office,185408.55366521672,165080.7968650178,20.327756800198927,Upgraded,69.69716805524952,2515.0107165001104,12.15298588106496
B133,Hamilton,Hospital,208369.55495653683,172493.31587086883,35.876239085668,Upgraded,65.08496519364161,5040.98209553092,21.75584170649412
B134,London,School,114471.92135830058,100000.79990195567,14.471121456344903,Traditional,57.863904020558444,1752.2437796579627,6.311091564885621
B135,Mississauga,Office,84839.01851820602,67103.24956936168,17.735768948844342,Upgraded,61.81275667989276,2140.113635498354,12.087971796924244
B136,Mississauga,Office,258732.55919982478,207793.08743739245,50.93947176243234,Upgraded,63.220285084946404,7607.684847283316,23.144602863071913
B137,Hamilton,Office,296100.545175888,236219.9294074101,59.8806157684779,Upgraded,51.56911632634248,7962.392047703663,35.13950348476623
B138,Ottawa,Hotel,181422.54557567145,151192.62413445892,30.22992144121253,Upgraded,60.8899391820773,3354.3292047875952,14.111412690103437
B139,Ottawa,Hospital,92919.82146207587,67639.14895523539,25.280672506840478,Upgraded,64.18641656945219,3274.2968328580087,12.442260290968095
B140,London,Hotel,118076.83162984224,83361.61944583719,34.715212184005054,Smart Automated,82.78963789804841,3723.072263648661,19.577212141358167
B141,Toronto,Hospital,54597.66913686668,41580.819809472785,13.016849327393896,Traditional,65.61263434851114,1249.8945648834826,6.835902891908199
B142,London,Hotel,278574.7016401248,234263.53779426674,44.31116384585804,Smart Automated,81.80774208509011,5396.197199262341,19.85440039549453
B143,Hamilton,Hotel,79437.77072253528,58813.3971556337,20.624373566901582,Upgraded,69.04443571395188,2989.9720884250105,9.30738629267357
B144,Hamilton,School,194129.1188785634,162036.952196117,32.092166682446404,Traditional,50.84844596413783,4654.6403589266265,16.862618344713606
B145,Hamilton,Hotel,118513.8051718015,105949.25707348913,12.56454809831237,Traditional,55.30652275110934,1305.8758196926208,7.880294760697679
B146,Hamilton,Mall,188544.50062894836,135522.04315370717,53.02245747524119,Upgraded,62.031077585996485,6200.309518956094,35.492670680623526
B147,Hamilton,School,212855.09708796605,177631.9257968524,35.22317129111366,Smart Automated,90.2380362520974,3339.6678287563414,14.978241433870423
B148,Mississauga,Hotel,257435.4509268004,203052.22320986804,54.38322771693237,Smart Automated,91.67299923875171,8140.852551850374,28.166768883138598
B149,Ottawa,Office,101605.3179401508,88765.2965127667,12.840021427384098,Smart Automated,83.80882700624848,1909.031961377746,5.522155126814219
B150,Hamilton,Mall,52748.95716462012,38793.163346290414,13.955793818329708,Upgraded,52.050319281329486,1750.9723948976562,5.6517858989248335
B151,Toronto,Mall,84221.40751720182,70621.77177792722,13.5996357392746,Upgraded,60.27708928413536,1853.7525328034994,8.139594209458977
B152,Toronto,Mall,275004.66046202625,238600.38445496064,36.404276007065604,Traditional,60.177811111821114,4734.631335650075,21.141231132522538
B153,Toronto,School,268472.5193906288,238651.35544432086,29.821163946307934,Upgraded,57.38561540431082,3623.8999104299555,13.386891494359839
B154,Toronto,Hotel,199353.2755425771,166788.83936931362,32.56443617326347,Upgraded,68.65849725139344,2726.7622148652263,15.309969393230086
B155,Mississauga,Hotel,200129.21510841334,159990.28963443276,40.13892547398058,Traditional,66.55012639746442,4488.876681694598,16.341051316600076
B156,Toronto,Office,216259.16863656387,178104.4441476567,38.15472448890717,Traditional,63.94418763819274,4854.617940478595,24.819043974378733
B157,Hamilton,Office,93842.8196558624,81998.07251040694,11.844747145455461,Upgraded,64.28653271469994,1509.3431171017594,8.201387954756694
B158,London,Mall,278602.9864812399,226816.80644264424,51.78618003859566,Smart Automated,81.94554078061014,5495.476059674217,22.818951603556656
B159,Toronto,Office,154692.63122301828,109224.97270003973,45.46765852297855,Smart Automated,86.60935201987392,6634.569759661767,21.344454201995635
B160,Mississauga,School,145784.63206237438,129192.8450523485,16.59178701002589,Smart Automated,77.78393402691391,1521.7156171472604,10.959254561652006
B161,Mississauga,Hotel,179729.4263207094,150596.24790363363,29.133178417075776,Upgraded,64.57962123311633,3351.048544714763,19.75052190367606
B162,Toronto,Mall,61741.49169376376,51572.8333033718,10.16865839039196,Upgraded,67.23381807574691,1305.2680913772188,5.347577608261791
B163,London,Office,91570.84218901985,68049.50060117473,23.521341587845118,Upgraded,55.48143178684382,3029.5371866725354,9.765749173816682
B164,Toronto,School,234508.4041065926,195058.7188972713,39.44968520932132,Smart Automated,83.03557601308648,4947.17700287797,16.24607271542843
B165,Mississauga,School,70699.66698128163,55058.98335000302,15.640683631278604,Traditional,53.90481205912984,1552.653400283719,8.949363935131478
B166,Ottawa,Office,200788.02736659706,166703.57611986547,34.0844512467316,Upgraded,56.90683904489776,3099.4511619758155,17.651264753937294
B167,Hamilton,Hotel,111337.27742033024,80309.64975152606,31.027627668804183,Smart Automated,87.4681191631888,3863.4305911293122,12.677756123927725
B168,Mississauga,Office,147323.90351049416,122510.00009337977,24.813903417114386,Upgraded,69.57050936778282,3026.0840112980904,14.267391926039162
B169,Toronto,Mall,122173.43419267496,109941.76534621221,12.231668846462751,Upgraded,67.13074447495853,1132.1011403606735,4.934142203989686
B170,Hamilton,Office,138918.17911623727,98582.23111136403,40.33594800487324,Upgraded,64.02339723180519,5217.847754225308,25.662197511270584
B171,Toronto,School,229761.47629606136,205736.4300402608,24.025046255800554,Traditional,64.5411352323078,2687.4906713662617,11.818637324243431
B172,Toronto,Office,124280.42890579376,97110.43941081969,27.16998949497407,Upgraded,61.24145588805142,3443.612537728999,11.19613865364447
B173,Ottawa,Hotel,191601.1600742243,167488.28629660746,24.112873777616826,Upgraded,68.94181334217038,3342.422771211393,13.901208363450921
B174,Hamilton,Hospital,169012.6005497749,144755.4214434591,24.257179106315803,Traditional,59.92517505764723,2228.773630904941,12.5968822631342
B175,Hamilton,Office,215917.79134066202,175628.23368375975,40.28955765690227,Traditional,57.61035419739789,3277.1582909616445,27.886019432841344
B176,Ottawa,Hotel,284207.43483118946,240919.75548472058,43.287679346468884,Smart Automated,94.28057694331028,5823.802353370887,24.3822008995588
B177,Mississauga,Hotel,233143.02430256258,204164.07198352573,28.97895231903685,Traditional,65.72411304522116,3555.1036684005517,13.984423858695404
B178,Toronto,School,103735.0946476892,80999.27315686592,22.735821490823277,Upgraded,64.68887864151183,2932.3473446650105,13.933231211820427
B179,London,Hotel,57795.78376532117,44237.276213684476,13.558507551636692,Traditional,57.6871007704827,1880.1697431787115,6.527710930659973
B180,Toronto,Hotel,115566.01107495627,96326.42867039115,19.239582404565123,Smart Automated,92.3993831929537,2620.3688918741454,12.915011957469362
B181,Toronto,Hotel,198769.48267506371,171253.6618647073,27.51582081035641,Traditional,66.77994655436021,4052.101125145355,14.099563102397953
B182,Mississauga,Hotel,62856.453371062584,53582.42536565191,9.274028005410678,Upgraded,50.22835966908147,1089.8416255578109,5.239460137308704
B183,Toronto,Mall,174091.5618003091,149642.618091297,24.44894370901212,Smart Automated,77.49641627933697,2791.93965247099,10.150515174181427
B184,Ottawa,Mall,199210.7122292223,156802.07103626558,42.40864119295671,Smart Automated,90.88421325098811,4585.7355996511,22.38482328268709
B185,Ottawa,School,133560.9727042402,115338.8275775973,18.222145126642907,Traditional,58.75322656296407,1653.8122442474855,11.839092816005815
B186,Hamilton,Office,242728.0509364555,175745.2575985229,66.98279333793258,Smart Automated,92.54181162036377,8043.461703110543,42.98249956495454
B187,London,Hotel,76649.56328344296,62001.66461266905,14.647898670773909,Upgraded,64.09742020086763,1455.867490742269,6.8448981243277105
B188,Toronto,Office,68784.44543395219,48228.33305752767,20.55611237642452,Upgraded,66.3425628403117,2970.184042914543,9.616636987465045
B189,Toronto,Office,232047.18905090084,177496.87822245288,54.550310828447955,Traditional,60.92860632155695,6590.951641468412,35.19540197827131
B190,Mississauga,School,173872.8290515496,134454.52109741734,39.41830795413227,Traditional,69.34070550512293,4789.277612530224,26.769742615534692
B191,Ottawa,Hotel,222100.599106934,173068.45780609825,49.03214130083576,Smart Automated,84.66814871946293,5140.761432695955,21.01558157026504
B192,London,Hotel,158706.83465093654,133169.86405111093,25.53697059982561,Upgraded,60.09591196609056,2135.893186693158,13.662728512897752
B193,Hamilton,Hospital,111600.5083097767,86793.01213877415,24.80749617100255,Upgraded,64.369078946451,2039.7235273362573,12.434417188389082
B194,Ottawa,Office,254775.57941854993,201206.14112999762,53.569438288552305,Smart Automated,82.50659815839204,5873.002874690492,35.420462760375585
B195,Hamilton,Office,249853.9697422448,186768.04763715577,63.08592210508903,Smart Automated,80.7156711105174,5420.315708287205,26.815142720436977
B196,Mississauga,Mall,223674.11771360668,173269.2354350678,50.40488227853889,Traditional,66.00006963527363,6173.554037139442,23.35448639559059
B197,Mississauga,Hospital,118036.28430749067,87990.61148286161,30.045672824629058,Upgraded,61.054141514370905,4256.513694604871,18.800794374456526
B198,Toronto,Mall,197557.6667172718,141182.44988467204,56.37521683259975,Traditional,57.931073639799266,7994.233342425038,23.417597290588297
B199,London,Mall,140243.4742350067,115096.37741611115,25.147096818895545,Smart Automated,85.22550924401503,3171.8832570767217,13.77458919922436
B200,Hamilton,Mall,72895.51833165853,60768.80649346419,12.126711838194344,Upgraded,67.30591517817825,1149.445275648386,6.459076118637605
B201,Ottawa,School,279328.3938655607,230138.1243791097,49.190269486451,Smart Automated,86.54558058466263,6906.7948279508155,24.610893027893443
B202,Mississauga,School,84204.65772974034,66748.93187441833,17.455725855322015,Traditional,56.195757184181986,2479.176354657712,9.048554192020848
B203,Toronto,Mall,287559.3384552006,223133.7264592467,64.42561199595389,Traditional,55.80091063924874,6040.915889001799,36.01276878872414
B204,Toronto,Hospital,161501.44323948893,140936.93634825526,20.564506891233673,Traditional,67.42828068381709,2706.696818881153,9.221334802572892
B205,Hamilton,Office,96283.2322096549,77394.03695757297,18.889195252081933,Traditional,63.45405988417796,1889.9842793921553,10.797040649318236
B206,Mississauga,Hospital,185475.23684458953,147607.94024021458,37.86729660437495,Traditional,65.93362794382745,5156.951042564753,24.296782114256533
B207,London,Hotel,268236.45896910207,189141.14866488564,79.09531030421643,Smart Automated,86.47057902911146,11849.003704137354,49.675673508554866
B208,Mississauga,School,233056.2216023903,179045.34098898835,54.01088061340194,Traditional,62.49748199213998,4434.391618312179,24.09803305900958
B209,Hamilton,Office,251640.28696536244,195282.70779860302,56.357579166759415,Traditional,61.434919662874975,8048.742080940957,25.06643330866936
B210,Hamilton,Office,214695.84167767933,167412.2076993541,47.283633978325234,Smart Automated,77.18528420619243,5843.507116074598,22.717531185375872
B211,Mississauga,Hotel,223069.14112946313,182032.10921274155,41.03703191672158,Upgraded,68.12174120962521,6079.093906027142,20.860043287442227
B212,Hamilton,Hotel,262298.91289132985,211601.91260843194,50.6970002828979,Smart Automated,83.78299633267497,5705.9811575429585,26.491041931024284
B213,Mississauga,Mall,112417.00221479649,92359.67518294688,20.057327031849606,Traditional,63.48039838117585,2794.32974178983,12.112803620939161
B214,Ottawa,School,172356.2409107851,147015.849376546,25.34039153423911,Upgraded,51.03671598239458,2137.907631677745,10.56704791671929
B215,Mississauga,School,105302.36045490055,90833.51577902553,14.46884467587502,Traditional,60.97717330154712,1497.0846089760466,5.938040061931861
B216,Mississauga,Hospital,296917.0019991618,250486.4915713305,46.430510427831294,Traditional,55.75265458087357,3932.2536780691325,24.03118641499584
B217,Hamilton,Mall,286014.8349216533,254869.17487761308,31.14566004404024,Smart Automated,83.96638110738844,4618.092199837186,18.972351022729335
B218,Hamilton,Mall,59856.70284212648,42117.96044614923,17.73874239597725,Traditional,57.059170069047134,2433.545669651288,8.124886874085668
B219,Toronto,Mall,226393.79312892212,167340.23934825303,59.053553780669084,Upgraded,62.4258489809922,8248.501151831902,34.986357327589516
B220,Toronto,Mall,281312.07935391646,197343.96116494047,83.96811818897599,Upgraded,56.68099931337538,12230.591733831481,40.13243121420818
B221,Ottawa,School,95143.83628183338,78921.33103731385,16.22250524451953,Upgraded,64.65398101180561,1394.4418420549205,10.801363062004766
B222,Toronto,School,191986.30763815736,168872.32919454528,23.113978443612083,Smart Automated,84.53686936635634,2473.0068863773,15.45647879662644
B223,Mississauga,Mall,278872.0743970105,208790.5347029435,70.081539694067,Traditional,51.36706400619917,5954.999583259422,34.2829193798408
B224,Hamilton,Hospital,58486.49464644971,51784.34644077542,6.702148205674289,Upgraded,65.67519684968215,635.0655189664861,3.143294949902024
B225,Toronto,Office,224355.06681170998,159752.80564319334,64.60226116851665,Smart Automated,88.85064863074216,6205.4092416728545,33.81225445432794
B226,Toronto,Office,124337.2518431377,110273.11780944002,14.064134033697671,Upgraded,58.65533759198525,1586.9617911601213,6.640514149472483
B227,Ottawa,Hospital,281099.0488441326,216537.4947779086,64.56155406622396,Smart Automated,80.98791176743363,6378.639687891962,38.84766538206942
B228,Ottawa,Mall,292764.5612913419,210873.67777328717,81.89088351805474,Traditional,56.64912314297424,7130.113728274467,53.05050346543858
B229,Mississauga,School,286066.62227835844,228044.97419702614,58.0216480813323,Upgraded,51.131713122934315,5321.9994784790015,34.92483365634632
B230,Hamilton,Office,168553.55416436592,126643.60853813986,41.90994562622606,Traditional,57.47842094025627,3784.8574103358806,27.12852297684304
B231,Ottawa,Hotel,265510.66274732834,200984.82252286279,64.52584022446555,Smart Automated,79.21409927734406,9557.26907713289,33.4952119384756
B232,Toronto,Hotel,261137.3496337676,198845.12214561808,62.29222748814951,Smart Automated,94.14896038076192,8294.239709022864,27.838090685156235
B233,Hamilton,Hospital,129775.11831081391,111685.13899714603,18.08997931366788,Traditional,63.42958297334414,2672.6732872038206,11.240846937344369
B234,Hamilton,Mall,257228.86853766933,207797.77700806872,49.431091529600614,Upgraded,62.6456430727528,5476.066979017096,25.118031089162137
B235,Toronto,Office,59251.90867887315,45165.451147495536,14.086457531377615,Traditional,53.979842779188736,1401.402408161265,8.471331404043939
B236,Ottawa,Mall,199067.46962051326,163646.7491078831,35.420720512630155,Upgraded,58.3666772820456,4812.9860567940505,17.044209233263846
B237,Toronto,Office,107502.20932192577,90649.10246262404,16.853106859301725,Upgraded,65.01879596726637,1733.13599882507,7.151934258382363
B238,Hamilton,Hospital,80141.7214443197,60468.91635618836,19.67280508813134,Smart Automated,75.2863055533412,1986.1041600777824,13.727182494249998
B239,London,Hospital,69238.30040730229,54193.49767002805,15.044802737274237,Upgraded,55.55705552179425,1448.4446941420117,6.722927357133887
B240,London,Hotel,224072.19396953494,162312.79264835152,61.759401321183425,Upgraded,55.526382169317074,5501.374829829682,43.01704718061546
B241,Mississauga,Mall,134968.74094201653,99368.01858524379,35.60072235677275,Traditional,58.64037855189012,3487.1767046436366,24.677850405952206
B242,Toronto,Hotel,231191.69288219037,193327.94295962303,37.86374992256734,Traditional,69.60737481884371,3970.8616607189238,24.162579020141113
B243,Toronto,Mall,66339.0851997356,48844.65044107081,17.494434758664784,Traditional,51.35005093367644,2224.9351198418217,10.458643500018612
B244,Mississauga,Hotel,128822.58445765259,103706.3899896601,25.11619446799248,Traditional,60.3740198876119,2119.292909522409,14.400172058921996
B245,Mississauga,School,184872.8230938343,155627.6529874352,29.245170106399105,Smart Automated,88.17081031340109,2770.55539664826,19.296854149756616
B246,Mississauga,School,247680.79120974088,178670.82602165235,69.00996518808853,Upgraded,69.41353090819489,9428.94574274793,33.596249468540776
B247,Hamilton,School,129688.12573301748,105496.41970693434,24.19170602608315,Upgraded,52.266070094549285,2184.1369209754184,13.070884332340142
B248,Toronto,School,206472.84410925227,155125.64040515808,51.34720370409419,Traditional,58.072020047231824,5339.347205897313,30.08006436043801
B249,Hamilton,Office,271494.4370590468,242331.96392566353,29.16247313338329,Smart Automated,76.77209427939358,4098.089331146635,15.262388614927453
B250,Mississauga,School,203965.79704557615,162501.41258013292,41.46438446544323,Smart Automated,84.75255619334422,3766.822543763067,21.903392592027668
B251,Toronto,Hospital,108239.86868840843,93216.01363218563,15.023855056222805,Traditional,58.45457273787865,1288.9202403274996,7.4981867140423395
B252,Hamilton,Hospital,56100.195389134504,45443.70007704498,10.656495312089522,Smart Automated,83.15086062064861,1213.9630060841191,6.066418237664963
B253,Hamilton,Office,267524.7184752325,189590.08805871918,77.9346304165133,Upgraded,57.95224757105741,7884.597132277536,51.06061561137282
B254,Mississauga,School,55317.35271259678,45726.998491657825,9.590354220938956,Traditional,55.28552526317279,1145.4583427259197,4.41596024757113
B255,Toronto,School,268675.41817104985,239196.53088307648,29.478887287973368,Upgraded,54.106658774135994,4016.9801468037595,20.05536878346069
B256,Mississauga,School,182234.283506803,149490.85825348017,32.74342525332284,Upgraded,59.6607939511778,2933.8238091963176,19.866297126376967
B257,Toronto,Hotel,284766.92462822405,245992.42567749074,38.77449895073331,Traditional,55.37067512135215,4678.102039190599,25.086401476661926
B258,London,Mall,249695.80894341634,218943.595888147,30.752213055269326,Smart Automated,93.95376051928942,3548.362961478539,17.43211362584251
B259,Ottawa,Hotel,299483.5276333344,223299.6962803486,76.18383135298578,Smart Automated,76.44632950515877,6863.05968370094,48.2895032166323
B260,Ottawa,Mall,137677.95386292753,102213.3476412006,35.46460622172694,Upgraded,69.37074663399784,4386.2587377949085,14.35820470237469
B261,Ottawa,School,241797.07223278173,198804.63342175915,42.99243881102259,Upgraded,62.0727440111875,4262.907929358938,27.752226625350886
B262,Mississauga,School,150482.72840231055,117708.4469991253,32.77428140318525,Upgraded,51.539589341299326,3741.1318586413,13.504369240134078
B263,London,Hotel,169968.9050759772,147528.29476597207,22.44061031000514,Upgraded,51.51167227708134,1924.4857065884057,14.967303910588036
B264,Toronto,Hotel,206876.36580459253,182052.15864495054,24.824207159641986,Upgraded,69.02846441691132,2784.55326181914,17.317089483486694
B265,Hamilton,Mall,268419.27854658465,206866.51731368413,61.55276123290052,Traditional,55.94581580614667,6244.677985885287,30.051303778879873
B266,Toronto,Hospital,296020.8672998238,221238.3327709607,74.7825345288631,Upgraded,51.84133972164951,10287.585354804038,34.631460220796136
B267,Hamilton,Mall,242068.35346612954,207235.9526889675,34.83240077716205,Smart Automated,76.00452022927948,2925.5214719911028,21.930793339882875
B268,Toronto,Hotel,154441.69554183344,116597.48889432011,37.84420664751333,Upgraded,62.47297556580532,4136.466746932386,18.0103569989204
B269,London,Hotel,155339.25056926755,134294.33374758,21.04491682168754,Traditional,62.97009640237376,2358.928928985574,13.882673236027214
B270,Hamilton,Office,234395.57539722288,183941.37713441925,50.45419826280364,Smart Automated,80.90580988095887,6596.907883097606,21.73833146549365
B271,Mississauga,Hotel,109694.2864420756,91431.28248290437,18.263003959171225,Traditional,50.3022136842895,2195.215454763974,7.995297658714814
B272,Toronto,Office,77618.52828284867,55816.03188977147,21.8024963930772,Traditional,69.30030738908944,2762.482331702668,15.12538303173801
B273,Toronto,Hospital,138655.53941019415,114359.18782295784,24.296351587236305,Traditional,55.01786091382205,3265.270512115316,14.630088670551721
B274,Hamilton,Mall,121809.74791352043,96272.76495195593,25.5369829615645,Upgraded,63.52052576105095,3584.223022265519,16.702876570808446
B275,Mississauga,Mall,124077.03011399752,101410.84826990808,22.666181844089444,Smart Automated,83.10205389055133,2311.2996834852343,11.27186533096472
B276,Mississauga,Office,108401.9377624775,79523.96957196837,28.877968190509126,Upgraded,62.20014834158971,3397.827635229662,17.411830136219358
B277,London,Mall,60523.29740909047,51285.91395000473,9.237383459085736,Traditional,56.258147884272965,1282.2187094601586,5.34172527151749
B278,Mississauga,Hotel,54468.48368335345,47526.98828638909,6.941495396964362,Smart Automated,84.52873972687583,1036.0985647352072,4.032627293539326
B279,Mississauga,School,296930.5974340079,220722.7538695418,76.2078435644661,Smart Automated,79.52057995631999,10841.81188040892,46.08743549702274
B280,Mississauga,Office,156943.28343396558,112864.64972692725,44.07863370703833,Smart Automated,87.80952084351688,4672.454554799395,25.239767355517927
B281,Ottawa,Mall,146081.6617899204,102947.79603934685,43.13386575057356,Traditional,68.9346745784679,4039.9893047360238,22.805681891066687
B282,London,Office,219911.82067326747,182173.69876785282,37.73812190541465,Upgraded,52.118116088075155,4311.862618970675,18.219090045266924
B283,Toronto,Office,104563.47196626605,85890.40242107754,18.67306954518851,Smart Automated,82.15628168227097,2463.25613215611,11.774759611058135
B284,Hamilton,School,287490.29598755634,232677.24739064928,54.81304859690706,Smart Automated,87.95634891981057,6274.988756629934,25.646023949334293
B285,Toronto,Hotel,246586.253603888,184049.37061582945,62.53688298805856,Traditional,64.73070456669585,7118.114396822804,38.00405726430054
B286,London,Office,72352.75057806488,56303.55020888977,16.049200369175107,Traditional,67.65987649659546,2225.6409883775978,7.543121714691316
B287,Hamilton,Mall,154395.1939462321,126433.49357586534,27.961700370366742,Upgraded,54.052652682706864,2944.3185224389817,16.430268601591784
B288,London,Hospital,269779.5768905412,215649.2144226328,54.13036246790839,Smart Automated,83.98699484079285,7588.298815119897,33.78403020464072
B289,Mississauga,Office,286183.00557285256,256865.58970828482,29.31741586456774,Upgraded,64.02279188834947,3180.2458559297256,13.650604156756058
B290,Hamilton,Office,166850.37781246743,121348.26932127328,45.50210849119414,Upgraded,63.602237708939455,4685.639566243949,19.01910737021112
B291,Mississauga,School,203352.84730267694,170618.9179823794,32.73392932029753,Traditional,58.16303381733396,3658.9755021975384,14.379757301914841
B292,Toronto,Hotel,91758.4865230188,71650.87621293342,20.10761031008538,Upgraded,50.30789783382617,2681.777867706912,11.698589384127956
B293,Toronto,Hospital,297792.15653424413,233957.40692513724,63.834749609106886,Smart Automated,79.8386336063106,5669.811521654196,41.801159437975414
B294,Hamilton,Mall,107917.92534586086,91030.88016263372,16.887045183227137,Upgraded,55.06203078359218,1583.149426788107,6.982777079282116
B295,Hamilton,Hospital,285682.94353378145,239541.50005755678,46.141443476224666,Smart Automated,91.45069588768393,6764.388113183572,28.619017037110652
B296,London,Mall,212411.66224809212,190799.03024079773,21.612632007294394,Smart Automated,91.0791701510504,1994.509077990367,10.8580910905617
B297,London,Hotel,201934.19871971477,146539.3786960215,55.39482002369326,Traditional,57.98070635284869,6633.0262838482,30.110325887854284
B298,Mississauga,Mall,178172.12775412714,128430.3769779916,49.74175077613554,Upgraded,66.79603213328853,5996.468169610402,33.757630380789685
B299,Hamilton,School,107667.45292943966,90964.76015024271,16.70269277919695,Traditional,53.77081211498502,1908.678710012093,8.344522528193945
B300,Toronto,School,94132.00800137706,76781.34998087176,17.350658020505303,Smart Automated,90.50692300806271,2171.1254439285685,9.362433809730467
B301,London,School,105121.55226754384,79349.12555517495,25.77242671236889,Upgraded,69.54013908877887,2476.417608290909,10.414759394447923
B302,London,School,96609.56553606363,69161.2300218794,27.448335514184233,Upgraded,52.037862017458735,3257.7429957723666,11.651258918939927
B303,Toronto,Hospital,244896.11839168833,175622.75744106027,69.27336095062806,Smart Automated,80.68548185855033,7346.5873333324425,33.08339696969436
B304,London,Hotel,137531.31479168253,120867.76968763393,16.663545104048595,Upgraded,58.671655852652286,2104.8841640531127,6.804653162970677
B305,Mississauga,Mall,64460.66914084909,47596.04762612131,16.864621514727776,Smart Automated,87.59115393783473,1515.8874337352056,9.94022037815359
B306,Hamilton,Mall,292275.6575352028,223495.68746374187,68.77997007146094,Upgraded,64.96768699352462,8250.942820845323,36.31028789438509
B307,Toronto,School,270946.47124085645,201944.88034210962,69.00159089874683,Traditional,68.29097327697119,6415.003720647534,38.94750366902362
B308,Hamilton,School,281938.07079880324,217374.0442805539,64.56402651824934,Upgraded,58.68041945417518,6424.444389585926,29.208388269764207
B309,London,Office,298726.95566160884,213256.62360190033,85.47033205970851,Smart Automated,75.0026938600897,8146.150512862526,41.776155470798706
B310,London,Hotel,93473.81230487183,75135.36810748342,18.33844419738841,Upgraded,58.6880663801322,1701.782765421981,10.987430105639573
B311,Toronto,Hospital,149060.50472566468,106358.0258789356,42.70247884672908,Smart Automated,75.93703817055206,5884.391618715561,29.447237279646767
B312,Mississauga,Mall,239559.6189260228,206038.35325199342,33.52126567402939,Smart Automated,80.52339115641799,3352.1108035672514,13.915516488315872
B313,Ottawa,Office,224005.15451344807,167274.1503634149,56.73100415003317,Traditional,61.78907978969394,8220.24675016091,37.84612064048264
B314,Toronto,Office,88473.97658496376,71487.18390713881,16.986792677824955,Smart Automated,76.25379243243732,2512.2592701393282,9.734525481052412
B315,Ottawa,Mall,253958.28124765443,222471.47136118048,31.48680988647396,Traditional,62.75376493791871,3778.0466777976176,17.921532411498706
B316,Ottawa,Hospital,106110.14295916517,88090.03820711224,18.020104752052923,Traditional,54.84044159961754,1621.991044871063,9.912563383715403
B317,Mississauga,Office,105954.40370565577,85461.92748882562,20.492476216830152,Traditional,64.28105446756254,2176.677565212223,8.623607483226106
B318,Ottawa,Office,184243.6057233534,140921.8080327003,43.3217976906531,Smart Automated,89.81808112304142,5884.887515937716,18.496807112657272
B319,Ottawa,Hotel,198234.9837104258,151967.01435942453,46.267969351001256,Upgraded,53.98540672933601,4891.327156343966,26.848081218545488
B320,Mississauga,Hospital,195021.5519594528,162627.9633754889,32.3935885839639,Traditional,67.54940093308964,2788.803084576617,16.270896939763418
B321,Ottawa,Office,72871.70934943872,65499.12346135623,7.372585888082496,Upgraded,64.77446301453134,877.1529914370496,4.977825636204796
B322,Ottawa,Hospital,269365.2156575951,224210.94218120174,45.15427347639334,Upgraded,50.27491108022691,6283.599141545272,23.569499485610333
B323,Ottawa,Mall,116400.01064717652,94465.20659716145,21.934804050015067,Traditional,54.96752520739601,2976.8785778172464,9.716776836198855
B324,Toronto,School,82378.73032070104,69703.12349282703,12.675606827874013,Smart Automated,81.26695835170287,1169.433991182774,7.788091208934172
B325,Toronto,Office,272187.0199672443,215855.49983297952,56.33152013426478,Smart Automated,90.77864943552015,7159.371350308955,27.490121303613826
B326,Toronto,Hotel,288912.8745574383,205714.19160688904,83.19868295054927,Upgraded,54.95119540559773,7940.091137241817,46.395004430708894
B327,Mississauga,Mall,265531.9043163627,215733.8818836716,49.7980224326911,Smart Automated,83.6763483915306,4744.4830536580785,30.34441678513257
B328,London,Hospital,252379.01868121952,225002.218990412,27.37679969080753,Upgraded,59.178810331936404,3865.194124986151,18.344624948683595
B329,Ottawa,Mall,213810.49515975543,157163.66839351945,56.64682676623599,Smart Automated,82.54636107926386,5521.7529153337155,36.12126591979481
B330,Ottawa,Office,187714.34265228483,157304.80275805193,30.409539894232903,Upgraded,62.13463449434873,2993.1293395579614,18.334164620607634
B331,Mississauga,Hospital,71746.68997785254,53105.9483977623,18.64074158009024,Upgraded,63.4574333719616,1492.1119045904734,11.256956588720756
B332,Ottawa,School,152113.3032676747,122780.61610086623,29.332687166808466,Traditional,51.622983570724784,4134.349341612854,20.057028366753737
B333,Toronto,Mall,143172.12925307848,102988.76510606472,40.18336414701377,Smart Automated,84.87628080913858,5444.107951776293,19.639507888755013
B334,London,Office,114938.44594008155,90809.89926007616,24.1285466800054,Upgraded,66.76983667686049,2989.841218984177,9.65946863701974
B335,Hamilton,Hotel,230855.02842214625,196511.34125228174,34.34368716986451,Traditional,66.10180636991325,4551.177461957412,16.539451561662826
B336,Ottawa,Hospital,173968.9337696927,133871.5831348974,40.09735063479529,Traditional,66.45967610083535,3634.5601812912946,18.66000036867597
B337,Toronto,Mall,70261.55397691198,58526.63398782644,11.734919989085538,Upgraded,68.65421016265523,1315.2809489385122,7.023940766330933
B338,Hamilton,Mall,105045.80048745283,90243.79591699099,14.802004570461838,Upgraded,60.88507932227395,1548.0729340109494,8.734862427009949
B339,London,School,220814.690914899,195517.18036673038,25.297510548168617,Smart Automated,89.26092101268637,2189.862730204514,14.622932895938492
B340,Hamilton,School,69032.71487257504,51562.496397569514,17.47021847500553,Smart Automated,88.32770827156413,1992.1138828850044,7.073220340498863
B341,Toronto,Hotel,262801.72851219214,204949.39253795755,57.85233597423459,Traditional,64.85762987335877,8356.872649688266,35.78938824671221
B342,Hamilton,Hotel,173786.63175349357,126948.21534384326,46.83841640965031,Smart Automated,90.22075580501566,3878.414711709038,23.281462218214536
B343,Mississauga,Office,170146.64433166198,152876.19852152007,17.270445810141915,Traditional,60.428980483337604,1733.9918586701851,10.353922349711574
B344,Hamilton,Office,198101.9461648794,175399.50148392154,22.70244468095785,Smart Automated,89.05081003069614,2146.013638103721,12.871685167488517
B345,Ottawa,Hotel,256170.2414812873,206983.35872760386,49.18688275368343,Smart Automated,80.96104417278886,4754.909027537241,24.73211285499854
B346,Ottawa,Hotel,136952.30197554827,118930.29098386486,18.022010991683405,Upgraded,68.41533216926715,2587.788102878328,7.936404886164348
B347,Mississauga,Hospital,219504.03813976588,176523.30264030365,42.98073549946223,Smart Automated,90.63647726689871,4846.715495043901,18.409752299733672
B348,Toronto,School,191432.99099894776,157878.06837896444,33.55492261998332,Upgraded,60.76663886511427,3779.6586599244147,21.792429045396783
B349,Ottawa,Office,116757.06754235533,83811.1287476975,32.945938794657835,Upgraded,55.37707028764387,4389.726603125378,22.255616281038094
B350,London,School,269657.4965887895,229493.11377989897,40.164382808890544,Smart Automated,82.20100931801957,3647.506506296257,23.895253880021
B351,Ottawa,School,249356.50540173202,180918.7913756051,68.43771402612693,Upgraded,67.90692178306338,7809.330009201866,29.498723922460968
B352,Ottawa,Hotel,214612.95866460638,185686.0347023355,28.92692396227087,Upgraded,63.329260950536714,3184.8243885463153,15.059592805015203
B353,Toronto,Hospital,262645.43227356044,224931.02361874317,37.71440865481726,Upgraded,65.74774053504666,4593.002052344784,23.33321672511136
B354,Hamilton,Mall,266823.5502399506,224598.44046106975,42.22510977888084,Smart Automated,84.15399210318589,6332.459144815771,26.76845064210904
B355,Ottawa,Hospital,227090.7441787587,160605.85846976214,66.48488570899656,Upgraded,62.60494438912316,8899.761381456834,28.951879761108042
B356,Mississauga,Hospital,259253.332090918,197194.73972965623,62.05859236126178,Traditional,54.96767217486415,6693.056372366917,24.824008854995732
B357,Hamilton,School,224367.86541732092,168864.3069271969,55.50355849012401,Smart Automated,82.39626511974353,7655.534426050046,34.05926544975509
B358,London,Hospital,220035.1929400751,169873.1718386008,50.162021101474295,Smart Automated,76.04710040374945,4612.3770447054585,25.431083911947244
B359,Toronto,Office,204652.84455379608,146844.25867360277,57.808585880193306,Traditional,58.85091029629491,4747.961254250779,27.536796126205367
B360,London,School,238179.1598894103,211358.1773508571,26.820982538553217,Traditional,62.986446491537635,2529.5240390372496,10.832169859026202
B361,Hamilton,Office,89651.27632326842,72685.70896839799,16.965567354870437,Traditional,68.72561242937853,1761.514651243926,9.536172735110803
B362,Hamilton,Mall,270217.6897997321,205663.99754054582,64.55369225918629,Upgraded,51.28012693217242,7471.48649707037,42.3049536959352
B363,Hamilton,School,267960.881936308,208847.72084094328,59.11316109536472,Upgraded,66.49486474694015,7274.408846177741,40.62785457098513
B364,London,Mall,57311.820758639784,45244.272899892145,12.06754785874764,Smart Automated,88.14706964340257,1734.6182938052086,6.875165423710262
B365,Hamilton,School,256454.18764119066,210322.91772161337,46.131269919577285,Upgraded,58.878389090127556,5336.916498956745,25.572334279776864
B366,London,Hotel,82217.4668683613,66031.79806011937,16.185668808241928,Upgraded,50.43826657550018,1862.7972142478566,6.8872758689632745
B367,Hamilton,Hospital,133779.7135647855,118244.99846142737,15.534715103358117,Upgraded,56.02092155668626,1297.412967316117,8.77186082132714
B368,Mississauga,Hotel,235877.06407290194,188558.40231088558,47.31866176201636,Smart Automated,88.55626400620088,3901.1306975821763,24.321495159068345
B369,Hamilton,Mall,90189.97401207706,81029.52292301165,9.160451089065406,Upgraded,51.12352154694878,1086.257258262258,5.33267034912016
B370,London,Hospital,254491.75602976556,221480.35574565956,33.011400284105996,Smart Automated,80.90602955143666,3653.4542945797702,17.054280434861795
B371,Ottawa,School,258033.54448943547,191384.02255919256,66.64952193024291,Upgraded,68.54221257716854,9247.129804126285,31.46455528156418
B372,Hamilton,Hospital,176866.93344020905,156725.15778578687,20.141775654422176,Traditional,52.10786436215611,1837.8881026795937,8.630541042351997
B373,Ottawa,Office,51596.4679292084,37318.34657375297,14.278121355455427,Upgraded,65.2888145615101,1167.2080979872605,7.060181672855627
B374,Mississauga,Hospital,121759.5332937282,105138.13230500606,16.621400988722133,Upgraded,58.19342106751985,1852.167818585156,7.130472158744453
B375,Toronto,Office,204231.72959393554,158509.2814258473,45.72244816808824,Upgraded,63.10347429048676,4417.862923596685,20.71542776677804
B376,Mississauga,Hospital,295296.5445068559,258560.13775343593,36.736406753419956,Traditional,55.20473195970459,3066.4983062590063,25.575917518549186
B377,Hamilton,Office,207953.3817541671,181670.43208035163,26.282949673815455,Traditional,53.18984525082717,3435.756595391675,14.01488530036791
B378,Ottawa,Mall,114950.89526603995,98993.99593846037,15.95689932757958,Smart Automated,78.98430549788107,1401.1994248249937,8.92886700102257
B379,Ottawa,Hotel,208501.42577490283,178895.49251755016,29.605933257352678,Traditional,51.409838912862895,3629.1653167345507,19.601660859195263
B380,London,School,184996.34492896387,140770.34687212287,44.22599805684099,Smart Automated,80.74819192931159,4408.159243880234,30.899407700302145
B381,Ottawa,Hospital,244961.3487877859,175437.3634952852,69.5239852925007,Traditional,63.284387699779366,6406.268403123321,39.963383358790466
B382,London,Hotel,76745.1597067396,59906.96743031428,16.838192276425325,Upgraded,67.63381223687016,1794.6584233266824,10.839454036061253
B383,Toronto,School,240256.975625507,176517.9779713632,63.73899765414381,Upgraded,66.28251371182324,8674.954343873385,31.74726701662914
B384,Hamilton,School,185316.64466902756,155478.85206921754,29.837792599810026,Upgraded,63.70268619748968,3205.967885902543,14.671934477211236
B385,London,Office,290748.0009647487,223649.16140038552,67.09883956436315,Upgraded,52.208637268222056,8894.21122210346,34.945821535841084
B386,Toronto,Mall,135468.04150967152,121260.42969424005,14.207611815431461,Traditional,55.783748925919,1261.4091867500015,8.549461365510266
B387,Ottawa,Mall,208155.47328348702,172393.2005227044,35.76227276078262,Traditional,56.19613750644938,4795.506181288594,21.62392668419702
B388,Ottawa,Hotel,283007.02637750434,244658.4741777439,38.348552199760455,Upgraded,54.99913892795242,3703.907674444016,18.96611365442741
B389,Toronto,Mall,75627.43199766982,54943.70253352838,20.683729464141432,Upgraded,60.300113194194466,2635.469493895577,9.100075195490824
B390,Ottawa,Hospital,284307.1218091128,248030.3565489193,36.27676526019347,Smart Automated,75.38655261835203,4338.871946561464,21.393093268244694
B391,Toronto,Mall,221971.43057520333,196345.14813300504,25.62628244219828,Smart Automated,77.4873679800102,3716.8393420818825,11.237067413605681
B392,London,Hotel,66959.26477629298,53394.14694033438,13.565117835958604,Smart Automated,83.27285349837271,1452.9947186565614,7.780242846788477
B393,London,Mall,125240.89173670406,102854.15592407863,22.386735812625425,Smart Automated,84.85729168894893,1894.6244471800705,13.611731721277703
B394,Toronto,Hospital,227043.0221613204,193659.06122804707,33.383960933273336,Upgraded,65.78585696639371,2715.4808933529307,20.370340420819698
B395,London,Office,66837.65036719292,49123.515864937326,17.714134502255597,Traditional,56.155916633614915,2442.426623619348,11.089785694478993
B396,London,Hotel,195542.6150440683,156534.44749566755,39.008167548400756,Smart Automated,86.90263349811363,4553.481700948045,25.817860988150386
B397,London,Office,136470.76423823918,106410.70458149102,30.060059656748155,Upgraded,69.05630034005011,4036.0765438086937,16.532663000016026
B398,Mississauga,Office,205228.87944186927,149668.24968748676,55.560629754382504,Upgraded,56.53485084060082,5356.588758053812,34.396183356120126
B399,Hamilton,Office,61435.50845312821,47520.788738691146,13.914719714437066,Traditional,57.0884989758611,1449.2996289326995,8.150572406005905
B400,Ottawa,School,267884.2015380941,191171.39801001403,76.71280352808006,Upgraded,60.112683068439175,6298.678952653098,34.98042332088971
B401,Mississauga,School,293372.24229434924,206875.06900997728,86.49717328437197,Upgraded,68.82241625067347,12741.419637469398,35.26549381291374
B402,London,Office,292219.4638214229,212453.26878370676,79.76619503771613,Smart Automated,81.23727715833766,10110.425322390269,38.71551311494895
B403,Toronto,Hotel,237412.9579357312,211920.27205000937,25.49268588572182,Upgraded,52.0513592516718,3704.708162702127,13.585310088024343
B404,London,Hospital,82521.56003265799,66834.69894007646,15.68686109258153,Upgraded,57.854614865428324,1546.4852558808727,9.178881005930213
B405,Hamilton,Hospital,239565.79898225566,213971.65082986697,25.59414815238869,Smart Automated,85.42592095308278,3143.024170076387,16.76385476947672
B406,London,Mall,56146.72911470038,44159.37862374717,11.987350490953206,Traditional,60.0626494510308,1528.3272242379705,5.500680052932818
B407,Toronto,Hotel,55530.88788224931,42334.70686282134,13.196181019427975,Upgraded,53.877261358737854,1349.0255144627342,5.775505734106626
B408,Hamilton,School,130902.5547873853,104882.84093729657,26.01971385008874,Traditional,67.1763354233631,3626.3062806178036,17.928727300109653
B409,London,Office,172160.79760116644,135645.894894832,36.51490270633445,Smart Automated,90.40316423514192,5342.177823056194,15.789532054607266
B410,Hamilton,Mall,242601.8544519483,174948.18778675952,67.6536666651888,Smart Automated,91.14311074729765,9602.751855786535,36.77296927386589
B411,Ottawa,Hospital,220823.84415162628,182878.63695482063,37.945207196805654,Traditional,67.17528558698945,4998.700043147977,21.84388398352105
B412,Ottawa,School,161475.6765941871,120009.95595411418,41.46572064007292,Smart Automated,80.31165665917212,4122.6267539931905,23.320832405737892
B413,London,School,118406.66657041646,97557.33547661823,20.84933109379823,Traditional,58.784212024994346,2078.9519147268325,8.877846315527336
B414,Hamilton,Office,299281.1250394278,248415.37041455632,50.86575462487145,Smart Automated,80.8661722156113,7499.403847249914,21.216516954365105
B415,Toronto,Hospital,156545.32555899324,114341.48391651173,42.20384164248151,Smart Automated,90.46283747837343,3406.690498047509,18.217078417534122
B416,London,Hotel,162846.75608241887,115990.84681006087,46.855909272358,Smart Automated,85.35921055425158,6097.05482243822,26.973836724906814
B417,Ottawa,School,90905.9552979173,77829.34427683584,13.076611021081465,Traditional,53.585065114785614,1692.6003263871814,7.366100315505081
B418,Ottawa,Office,248702.38718748235,196962.36363548684,51.74002355199552,Smart Automated,82.4347858981266,6394.459890162307,24.324135646311177
B419,London,Hotel,223420.55644537215,158993.38702312214,64.42716942225,Smart Automated,75.02707251430937,9619.467279911487,38.09786257584481
B420,Hamilton,Hospital,105192.4031971901,94565.15799063822,10.627245206551875,Upgraded,52.3510260030044,1082.1889632361006,6.86541561170171
B421,Ottawa,School,70595.26140396067,50232.48974429366,20.362771659667008,Smart Automated,87.9291748327586,2113.6155930926934,8.399107523427599
B422,Hamilton,Hotel,220124.82551867826,184686.2795594395,35.43854595923875,Traditional,50.03984270438141,3030.908512891246,19.47131865312559
B423,Ottawa,Hotel,213627.8035702838,191567.69614367874,22.06010742660507,Smart Automated,91.94121653967798,2448.580806360283,13.385921493020856
B424,Ottawa,Hotel,118314.88174955233,88480.1303741172,29.834751375435125,Traditional,64.64802098116758,2931.962361434641,14.192199634128361
B425,Mississauga,School,287715.89056260255,209586.6041525827,78.12928641001984,Smart Automated,92.97121209349679,8128.341973069643,38.465490926503804
B426,Ottawa,School,87764.47294522506,63565.78810803704,24.19868483718802,Upgraded,53.22725602110767,3349.582567823302,14.134243000453123
B427,Toronto,Mall,158083.70026065048,120247.1616873714,37.83653857327909,Traditional,51.671086750213796,5504.607797517509,25.327044439319426
B428,London,Hospital,285903.9800418997,205910.6659362309,79.99331410566883,Traditional,50.38257932874574,7439.48340626402,51.43388720881
B429,London,Office,154931.82923153057,129899.84502047586,25.031984211054716,Traditional,53.314963539304415,2655.283375403003,14.391865615668785
B430,Hamilton,Hotel,209631.4869160214,149353.70529415048,60.27778162187091,Upgraded,67.81711069966293,8740.52784589076,37.31595622030404
B431,Ottawa,Mall,149398.59949069857,119800.41014251896,29.598189348179613,Upgraded,54.83073683403364,2495.914444450308,15.078701104776158
B432,Toronto,Office,118553.80058716751,106620.10042252588,11.933700164641632,Upgraded,57.085426544344315,1031.8502126383707,7.068207194317179
B433,Hamilton,Mall,295994.4119899571,255382.21865291815,40.612193337038946,Traditional,52.10690968962666,3711.7664058651003,21.924674407527814
B434,Mississauga,School,152333.50157876074,125377.15735814211,26.95634422061863,Traditional,54.447226094963405,3279.640880537271,12.318532850532774
B435,Hamilton,Hotel,273524.8009197836,208220.9527751727,65.30384814461091,Smart Automated,89.94888813193388,5912.1571350714,39.869402160206896
B436,Hamilton,Office,107488.65147277154,88654.40045143313,18.83425102133841,Traditional,62.15505366191305,2783.049632032117,10.67787880783309
B437,Ottawa,Office,103276.17600627083,83179.48860229805,20.096687403972783,Smart Automated,76.15688898894321,2236.15874723678,10.200806710240974
B438,Mississauga,Office,57783.52072112784,45372.584113180994,12.410936607946846,Smart Automated,94.15579601976408,1428.5764615914377,8.35754651809979
B439,Hamilton,Office,212916.70634397125,154607.77902088047,58.308927323090785,Upgraded,57.82065738254797,5671.482137030076,23.689764715715917
B440,Toronto,Office,142131.5859309403,124695.00279269506,17.43658313824523,Upgraded,54.68406741852668,1969.762282806722,8.62643469667435
B441,Toronto,Mall,266089.56245990924,210199.29380314637,55.89026865676287,Smart Automated,94.8265580312844,7060.838645436978,23.309842443714608
B442,London,Hotel,168302.4766728893,124362.82382216919,43.9396528507201,Traditional,69.1972560542691,5825.6246119586995,27.68014439289977
B443,Mississauga,School,292048.3569786805,225914.55272252802,66.13380425615244,Traditional,62.326009718514484,8780.635835675079,40.38343278360511
B444,Mississauga,School,96381.37892578029,75449.84456863222,20.931534357148063,Traditional,61.13756886344191,2521.2530861751234,10.453326848098163
B445,London,School,267155.7919889027,231225.36277043153,35.9304292184712,Smart Automated,82.31361496522743,5149.016779319149,21.655229112377896
B446,Hamilton,School,244149.21319793543,206726.72399950624,37.42248919842919,Traditional,58.578886668602884,5135.059679431025,19.41408265054386
B447,Mississauga,Mall,242730.461161013,207258.0691341064,35.4723920269066,Upgraded,60.81810007676162,4717.5928876999415,22.236796099113956
B448,Toronto,Hospital,261195.8070292219,183413.32892345396,77.78247810576795,Smart Automated,77.81605897785352,6525.357717548352,41.71125048315178
B449,Toronto,Hotel,240255.99773574973,188175.89722390482,52.08010051184491,Smart Automated,87.44827283131994,4191.482388407714,27.273511104078725
B450,Ottawa,Office,206555.08040785385,164473.3722744746,42.08170813337926,Upgraded,53.43387815410899,3992.3467525573114,28.633192699486784
B451,Mississauga,Hospital,82811.2194205969,58285.72076385283,24.525498656744073,Traditional,60.002255041532536,3101.167183326492,11.656079970909987
B452,Hamilton,School,58131.54487281298,43712.75005151138,14.4187948213016,Smart Automated,77.93925419176419,1568.531641330359,6.288529573175249
B453,London,Hospital,280211.9619539217,238756.83396587594,41.455127988045774,Upgraded,67.41053932538769,4484.136447814721,23.85174406762878
B454,London,Hotel,204162.57863018452,148512.3392565008,55.650239373683725,Traditional,62.628378424367526,7897.9421952707,38.44299301459773
B455,Hamilton,Office,249134.32274404407,201066.85133232418,48.067471411719886,Traditional,60.65008132831964,6858.718624935882,24.675521245905436
B456,Ottawa,Office,170380.58787813754,126599.6558080508,43.78093207008674,Smart Automated,88.48260591072126,6288.792398880264,18.32718102831861
B457,London,Hotel,79327.04724059862,55721.23412097279,23.605813119625832,Upgraded,62.11275778646823,2407.119354729361,11.845198267034634
B458,Mississauga,Hotel,81296.44805063761,60829.277988942165,20.467170061695448,Smart Automated,81.90384416988421,2627.4505838376704,11.293364787244174
B459,Ottawa,School,221391.32180724284,198183.92136837682,23.207400438866024,Smart Automated,93.34971686263981,2297.8650358314985,10.410303792100093
B460,Mississauga,Office,157576.47372486567,135564.2099374329,22.012263787432776,Upgraded,52.85683929628664,2054.6838778225547,13.150801401859344
B461,Toronto,Hospital,100131.18167508418,89308.53583329434,10.82264584178984,Upgraded,63.84147294048738,1005.6864861170833,7.568544819551816
B462,Ottawa,Mall,172898.63668535923,137898.90549901294,34.999731186346295,Upgraded,54.12504227672305,3638.1357285995423,18.743120542221963
B463,London,Mall,66052.23426878352,47686.228208710905,18.366006060072614,Upgraded,57.83718746376052,2022.0427823373511,9.300886470805414
B464,Ottawa,Hotel,195492.8504785997,158269.4278242726,37.223422654327095,Upgraded,67.91349555237557,5143.027866237356,19.364043230159645
B465,Ottawa,School,117248.35110877441,92728.84442781316,24.519506680961246,Smart Automated,77.94606088557941,2167.337467194334,10.654800919518987
B466,Ottawa,Mall,249389.77515929705,216687.6472152265,32.702127944070554,Upgraded,60.15610127917558,4298.524971889505,21.746329074666328
B467,Ottawa,Office,127590.48973089345,91816.22371489173,35.77426601600171,Smart Automated,87.61843580458327,4192.809944580506,18.761731411665625
B468,Mississauga,Hotel,163805.0372704503,130658.79761867908,33.14623965177122,Upgraded,50.3624808209146,3319.8005455881857,17.109502996334417
B469,Toronto,Hospital,52905.13497702516,38621.263455669134,14.283871521356028,Upgraded,65.85516227145625,1635.4657357157269,8.540427939270568
B470,Hamilton,Hotel,68111.72194863972,52101.052655198335,16.01066929344139,Upgraded,51.380918126291995,1617.0126735226272,8.527442993129593
B471,Ottawa,Hospital,148123.3891016712,125530.33822732668,22.593050874344524,Upgraded,59.48510041953907,2750.155765746008,13.430891871506356
B472,London,Hotel,169984.70867928088,135172.4566848578,34.81225199442307,Smart Automated,79.83786588225779,3842.1960373618517,14.566625918615852
B473,Ottawa,Hotel,200005.13702982594,155039.51351657533,44.96562351325061,Traditional,62.568529132291744,4114.7316797440835,28.963122660627374
B474,London,Hotel,122915.6446773258,95738.41249219772,27.177232185128087,Upgraded,63.77263258615751,2395.9669448341856,18.538981163581525
B475,Mississauga,Hospital,223745.47153163565,177181.65684028168,46.56381469135397,Traditional,55.065447670454304,5507.041725588219,27.688223242328693
B476,London,Hospital,265030.59929730115,227132.10052239706,37.89849877490409,Upgraded,50.19957553316899,5425.886848543888,26.01238421558788
B477,Hamilton,Hotel,244962.74722333744,215179.42628807147,29.783320935265976,Upgraded,64.46887324709824,3099.7598265042197,13.266375539761604
B478,Toronto,Mall,59904.70633708929,53379.103205693114,6.525603131396172,Upgraded,60.71313198695157,856.8769961620915,3.544869826874136
B479,London,School,170126.73681445722,145863.376828492,24.263359985965216,Smart Automated,85.9315428406459,3059.7624283395194,14.085900022695
B480,London,School,76232.54460454371,58171.63527291881,18.060909331624906,Upgraded,66.42776725801389,2622.6037656641124,10.376371585837212
B481,Toronto,School,110511.25396563187,92567.20362932136,17.944050336310507,Smart Automated,75.8779988528601,2466.744755874824,9.338775246147772
B482,Hamilton,Hospital,296665.6483167866,233630.31672241946,63.035331594367165,Upgraded,59.7018931995908,7542.957054024641,31.607511493133284
B483,Ottawa,Hospital,85623.8857253783,64297.897655701236,21.32598806967707,Upgraded,56.672567916737314,2686.906765246984,9.341789505428434
B484,London,Mall,174722.03836283903,151689.18612572274,23.032852237116284,Traditional,65.8311640518274,3291.096370535158,11.92002468848855
B485,Toronto,School,204538.93357952978,144749.1903932926,59.789743186237175,Traditional,59.0258822605851,6455.278241896105,26.83353178298116
B486,Mississauga,School,225616.242636026,198621.80032873258,26.994442307293415,Upgraded,53.66884392806869,2777.0702429359417,16.744914488875075
B487,Toronto,Hotel,189912.17087172854,150466.55703326288,39.445613838465654,Upgraded,67.09948039122949,3185.5005951947037,18.2494848670998
B488,Mississauga,Hospital,52442.71185479592,43393.212986698556,9.049498868097363,Traditional,67.65119753544695,1247.551020170211,3.778795546403595
B489,Hamilton,School,131615.32706099795,109486.94536671175,22.128381694286205,Traditional,59.3261951228034,3010.9790023226615,12.51824329750002
B490,Ottawa,Mall,179427.91084617784,157721.3588275894,21.70655201858844,Traditional,51.51399454619575,1895.2384816373017,12.558736354320631
B491,Toronto,Mall,71966.62478620834,59540.430976202224,12.426193810006117,Smart Automated,94.212539510264,1495.8654181086142,8.220845729486637
B492,London,School,137656.73280229518,113262.13124874084,24.39460155355434,Upgraded,66.07075318925206,2743.8735301289385,13.980411583018736
B493,Hamilton,Hospital,58300.77719784164,41587.717191791206,16.713060006050437,Upgraded,68.03548057092458,1475.9242570395777,8.41743667418662
B494,Toronto,Mall,69644.62428875518,55972.10338545872,13.672520903296455,Traditional,54.06945484995192,2032.2804429754426,8.762767382047793
B495,London,Hotel,149230.819050399,108943.54193286074,40.28727711753827,Upgraded,51.33947224050543,3828.448059399302,22.644820494194853
B496,Toronto,Mall,83178.93851076509,70493.04857838481,12.685889932380276,Traditional,67.54700906265677,1074.5759731730104,5.376078262343834
B497,Mississauga,Office,191885.21206538953,153977.2108257089,37.90800123968063,Traditional,57.78809877957751,4611.103363144991,21.59827961842081
B498,Toronto,Office,222366.24228431642,185908.30863101492,36.4579336533015,Upgraded,60.835219285351265,4802.263352812722,24.514517426805693
B499,Toronto,Hospital,250146.6747772707,177187.5398468915,72.9591349303792,Traditional,69.36131624101517,6002.423997473759,37.85804186765293
B500,Toronto,School,100037.56106120252,71722.77003937867,28.314791021823854,Traditional,51.331294558284455,3570.7849415520514,13.843037355279707
